{
  "formatVersion": 1,
  "database": {
    "version": 1,
    "identityHash": "3a302803a971de9039ea97473c3b17b4",
    "entities": [
      {
        "tableName": "Contact",
        "createSql": "CREATE TABLE IF NOT EXISTS `${TABLE_NAME}` (`id` INTEGER PRIMARY KEY AUTOINCREMENT NOT NULL, `contactImagePath` TEXT, `name` TEXT, `mobileNumber` TEXT, `homeNumber` TEXT, `workNumber` TEXT, `emailAddress` TEXT, `address` TEXT)",
        "fields": [
          {
            "fieldPath": "id",
            "columnName": "id",
            "affinity": "INTEGER",
            "notNull": true
          },
          {
            "fieldPath": "contactImagePath",
            "columnName": "contactImagePath",
            "affinity": "TEXT",
            "notNull": false
          },
          {
            "fieldPath": "name",
            "columnName": "name",
            "affinity": "TEXT",
            "notNull": false
          },
          {
            "fieldPath": "mobileNumber",
            "columnName": "mobileNumber",
            "affinity": "TEXT",
            "notNull": false
          },
          {
            "fieldPath": "homeNumber",
            "columnName": "homeNumber",
            "affinity": "TEXT",
            "notNull": false
          },
          {
            "fieldPath": "workNumber",
            "columnName": "workNumber",
            "affinity": "TEXT",
            "notNull": false
          },
          {
            "fieldPath": "emailAddress",
            "columnName": "emailAddress",
            "affinity": "TEXT",
            "notNull": false
          },
          {
            "fieldPath": "address",
            "columnName": "address",
            "affinity": "TEXT",
            "notNull": false
          }
        ],
        "primaryKey": {
          "columnNames": [
            "id"
          ],
          "autoGenerate": true
        },
        "indices": [],
        "foreignKeys": []
      },
      {
        "tableName": "Group",
        "createSql": "CREATE TABLE IF NOT EXISTS `${TABLE_NAME}` (`id` INTEGER PRIMARY KEY AUTOINCREMENT NOT NULL, `contactImagePath` TEXT, `groupName` TEXT)",
        "fields": [
          {
            "fieldPath": "id",
            "columnName": "id",
            "affinity": "INTEGER",
            "notNull": true
          },
          {
            "fieldPath": "contactImagePath",
            "columnName": "contactImagePath",
            "affinity": "TEXT",
            "notNull": false
          },
          {
            "fieldPath": "groupName",
            "columnName": "groupName",
            "affinity": "TEXT",
            "notNull": false
          }
        ],
        "primaryKey": {
          "columnNames": [
            "id"
          ],
          "autoGenerate": true
        },
        "indices": [],
        "foreignKeys": []
      }
    ],
    "views": [],
    "setupQueries": [
      "CREATE TABLE IF NOT EXISTS room_master_table (id INTEGER PRIMARY KEY,identity_hash TEXT)",
      "INSERT OR REPLACE INTO room_master_table (id,identity_hash) VALUES(42, '3a302803a971de9039ea97473c3b17b4')"
    ]
  }
}