{
  "formatVersion": 1,
  "database": {
    "version": 1,
    "identityHash": "12d7aa4f8143ae08b6630952114fcea2",
    "entities": [
      {
        "tableName": "Contact",
        "createSql": "CREATE TABLE IF NOT EXISTS `${TABLE_NAME}` (`id` TEXT NOT NULL, `contactImagePath` TEXT, `name` TEXT, `mobileNumber` TEXT, `homeNumber` TEXT, `workNumber` TEXT, `emailAddress` TEXT, `address` TEXT, `blacklisted` INTEGER NOT NULL, `viewTypeContact` INTEGER NOT NULL, PRIMARY KEY(`id`))",
        "fields": [
          {
            "fieldPath": "id",
            "columnName": "id",
            "affinity": "TEXT",
            "notNull": true
          },
          {
            "fieldPath": "contactImagePath",
            "columnName": "contactImagePath",
            "affinity": "TEXT",
            "notNull": false
          },
          {
            "fieldPath": "name",
            "columnName": "name",
            "affinity": "TEXT",
            "notNull": false
          },
          {
            "fieldPath": "mobileNumber",
            "columnName": "mobileNumber",
            "affinity": "TEXT",
            "notNull": false
          },
          {
            "fieldPath": "homeNumber",
            "columnName": "homeNumber",
            "affinity": "TEXT",
            "notNull": false
          },
          {
            "fieldPath": "workNumber",
            "columnName": "workNumber",
            "affinity": "TEXT",
            "notNull": false
          },
          {
            "fieldPath": "emailAddress",
            "columnName": "emailAddress",
            "affinity": "TEXT",
            "notNull": false
          },
          {
            "fieldPath": "address",
            "columnName": "address",
            "affinity": "TEXT",
            "notNull": false
          },
          {
            "fieldPath": "blacklisted",
            "columnName": "blacklisted",
            "affinity": "INTEGER",
            "notNull": true
          },
          {
            "fieldPath": "viewTypeContact",
            "columnName": "viewTypeContact",
            "affinity": "INTEGER",
            "notNull": true
          }
        ],
        "primaryKey": {
          "columnNames": [
            "id"
          ],
          "autoGenerate": false
        },
        "indices": [],
        "foreignKeys": []
      },
      {
        "tableName": "Group",
        "createSql": "CREATE TABLE IF NOT EXISTS `${TABLE_NAME}` (`id` TEXT NOT NULL, `groupImagePath` TEXT, `groupName` TEXT, `groupMembers` TEXT, `viewTypeGroup` INTEGER NOT NULL, PRIMARY KEY(`id`))",
        "fields": [
          {
            "fieldPath": "id",
            "columnName": "id",
            "affinity": "TEXT",
            "notNull": true
          },
          {
            "fieldPath": "groupImagePath",
            "columnName": "groupImagePath",
            "affinity": "TEXT",
            "notNull": false
          },
          {
            "fieldPath": "groupName",
            "columnName": "groupName",
            "affinity": "TEXT",
            "notNull": false
          },
          {
            "fieldPath": "groupMembers",
            "columnName": "groupMembers",
            "affinity": "TEXT",
            "notNull": false
          },
          {
            "fieldPath": "viewTypeGroup",
            "columnName": "viewTypeGroup",
            "affinity": "INTEGER",
            "notNull": true
          }
        ],
        "primaryKey": {
          "columnNames": [
            "id"
          ],
          "autoGenerate": false
        },
        "indices": [],
        "foreignKeys": []
      }
    ],
    "views": [],
    "setupQueries": [
      "CREATE TABLE IF NOT EXISTS room_master_table (id INTEGER PRIMARY KEY,identity_hash TEXT)",
      "INSERT OR REPLACE INTO room_master_table (id,identity_hash) VALUES(42, '12d7aa4f8143ae08b6630952114fcea2')"
    ]
  }
}